{"$schema":"vscode://schemas/color-theme","name":"Light Default Colors","colors":{"editor.background":"#FFFFFF","editor.foreground":"#000000","editor.inactiveSelectionBackground":"#E5EBF1","editorIndentGuide.background":"#D3D3D3","editorIndentGuide.activeBackground":"#939393","editor.selectionHighlightBackground":"#ADD6FF80","editorSuggestWidget.background":"#F3F3F3","activityBarBadge.background":"#007ACC","sideBarTitle.foreground":"#6F6F6F","list.hoverBackground":"#E8E8E8","input.placeholderForeground":"#767676","searchEditor.textInputBorder":"#CECECE","settings.textInputBorder":"#CECECE","settings.numberInputBorder":"#CECECE","statusBarItem.remoteForeground":"#FFF","statusBarItem.remoteBackground":"#16825D","sideBarSectionHeader.background":"#0000","sideBarSectionHeader.border":"#61616130","tab.lastPinnedBorder":"#81818130","notebook.focusedCellBackground":"#c8ddf150","notebook.cellBorderColor":"#dae3e9","notebook.outputContainerBackgroundColor":"#c8ddf150"},"semanticHighlighting":true}